,coef,intercept,pvalue,variable,group,idx_x,chromosome,start,end,idx_y,segmean_desert,segmean_M,segmean_B,segmean_T,fdr
2846,-0.06794358871732359,0.10347598975047026,1.7878488065071375e-07,1_156308968,T,1_156308968,1,156308968,156367873,1_156308968,0.059152566,0.017289735,0.009357667,-0.012276346,0.0021620455617090816
2852,-0.06490584117144879,0.09290580278978217,6.861301696530134e-07,1_156463727,T,1_156463727,1,156463727,156500828,1_156463727,0.056814883,0.013413698,0.0075502186,-0.010766155,0.004148686070806946
2843,-0.06197494746248243,0.10420837839984594,2.3733937703056646e-06,1_156290089,T,1_156290089,1,156290089,156295689,1_156290089,0.05977128,0.019050466,0.011323827,-0.006791426,0.009567150288102134
2816,-0.06326867354791216,0.10470889933490699,4.3299094369879875e-06,1_156009048,T,1_156009048,1,156009048,156020959,1_156009048,0.05925088,0.017676007,0.008002746,-0.007848295,0.012479353482077736
2855,-0.05856143896467729,0.09431662432570181,6.072961388244079e-06,1_156591762,T,1_156591762,1,156591762,156594299,1_156591762,0.04650562,0.0149451,0.012754749,-0.01443553,0.012479353482077736
2801,-0.06102977031167936,0.08848924646168727,6.191691134744597e-06,1_155687960,T,1_155687960,1,155687960,155739010,1_155687960,0.058254775,0.022861602,0.008002746,-0.006265348,0.012479353482077736
2858,-0.0572410946636919,0.09490024304415165,8.353133279621778e-06,1_156594487,T,1_156594487,1,156594487,156601496,1_156594487,0.044553567,0.015454488,0.012566107,-0.011437744,0.014430634392923738
2810,-0.05905942711341737,0.09845437788147482,1.1172041279091349e-05,1_155897808,T,1_155897808,1,155897808,155911404,1_155897808,0.06013694,0.024672283,0.011828028,-0.0045365086,0.01627715908360289
2822,-0.05993144878183116,0.10251470743533889,1.2652422610288505e-05,1_156054726,T,1_156054726,1,156054726,156058510,1_156054726,0.058264676,0.017676007,0.008002746,-0.00736741,0.01627715908360289
2798,-0.05743111617488131,0.07261941831916771,1.3459984357564618e-05,1_155659443,T,1_155659443,1,155659443,155689000,1_155659443,0.053577654,0.020920536,0.010977555,-0.0048045283,0.01627715908360289
2804,-0.05719633249478113,0.083225151867198,1.7767234790157942e-05,1_155749662,T,1_155749662,1,155749662,155859400,1_155749662,0.05791508,0.022861602,0.002637795,-0.010357207,0.019532651847034545
2673,-0.15093160429524705,0.10418782912872457,2.375056779541567e-05,1_153974269,B,1_153974269,1,153974269,153977688,1_153974269,0.0435263,-0.05093765,-0.10659222,-0.11195144,0.023934634695830143
2729,-0.0596558725318654,0.06298831553464591,2.7151472020722264e-05,1_154983338,T,1_154983338,1,154983338,154993111,1_154983338,0.056674488,0.01995208,0.008342802,-0.0039620674,0.025257134703584178
2802,-0.062126861258598856,0.083225151867198,3.232150719376074e-05,1_155749662,B,1_155749662,1,155749662,155859400,1_155749662,0.05791508,0.022861602,0.002637795,-0.010357207,0.027918856178153477
14822,-0.08759038292772717,0.1218033102695543,3.664844300165772e-05,7_12211241,T,7_12211241,7,12211241,12243367,7_12211241,0.086883955,0.006385673,0.0061609247,-0.002335961,0.028114457702352755
2813,-0.05228821718173389,0.09867893366940106,3.930125475703123e-05,1_155946851,T,1_155946851,1,155946851,156007070,1_155946851,0.044607833,0.017721545,0.008967488,-0.011880958,0.028114457702352755
27666,0.06214801261116259,-0.05775131154151881,4.062995757612724e-05,15_34140674,B,15_34140674,15,34140674,34210096,15_34140674,-0.03591073,-0.0027484132,0.021612177,0.010486306,0.028114457702352755
2789,-0.06638317441885637,0.09492317865532991,4.40194661839792e-05,1_155335268,T,1_155335268,1,155335268,155562807,1_155335268,0.06262668,0.02248576,0.00792691,-0.010354491,0.028114457702352755
2841,-0.058175308999687966,0.10420837839984594,4.4292205422697504e-05,1_156290089,B,1_156290089,1,156290089,156295689,1_156290089,0.05977128,0.019050466,0.011323827,-0.006791426,0.028114457702352755
2780,-0.06571892932070857,0.09378263679220769,5.177456754023176e-05,1_155308748,T,1_155308748,1,155308748,155320666,1_155308748,0.062009856,0.022861602,0.0093425205,-0.0053656525,0.028114457702352755
27683,0.04819386848504796,-0.023454487264040095,5.8788772362346646e-05,15_34525207,T,15_34525207,15,34525207,34588503,15_34525207,-0.028259195,0.0022951502,0.0105503425,0.013588994,0.028114457702352755
2747,-0.06490691814995495,0.09206447182842828,5.9643761701751076e-05,1_155135344,T,1_155135344,1,155135344,155138857,1_155135344,0.062954955,0.022121683,0.008491404,-0.0055539007,0.028114457702352755
2648,-0.14220524252932498,0.03008840575578564,6.0545382214375876e-05,1_153661788,T,1_153661788,1,153661788,153671048,1_153661788,0.049471464,-0.07864713,-0.11382188,-0.14596722,0.028114457702352755
2667,-0.1421338170302702,0.10275904777041531,6.078810280840345e-05,1_153959099,B,1_153959099,1,153959099,153968184,1_153959099,0.043435287,-0.062314667,-0.09531917,-0.0942919,0.028114457702352755
2726,-0.058824268260140214,0.11822773430286701,6.1763264922708e-05,1_154962298,T,1_154962298,1,154962298,154974395,1_154962298,0.059671294,0.023439042,-0.005136965,-0.00060754985,0.028114457702352755
27671,0.055095855176438405,-0.04930662044213331,6.212118809236777e-05,15_34224999,T,15_34224999,15,34224999,34230156,15_34224999,-0.035656985,-0.0041110194,0.019772587,0.011754507,0.028114457702352755
2799,-0.06057330238223575,0.08848924646168727,6.412985019033717e-05,1_155687960,B,1_155687960,1,155687960,155739010,1_155687960,0.058254775,0.022861602,0.008002746,-0.006265348,0.028114457702352755
27660,0.06518426621343068,-0.06654851225495449,6.509590801834756e-05,15_34084017,B,15_34084017,15,34084017,34101948,15_34084017,-0.035264563,-0.0016117488,0.025468241,0.011029127,0.028114457702352755
14795,-0.08660871202521826,0.13430750878664882,7.128094204697608e-05,7_7156934,T,7_7156934,7,7156934,7248651,7_7156934,0.0847723,0.0075407983,0.0025598386,-0.005985408,0.028734605392835216
27669,0.059450498948220735,-0.04930662044213331,7.128406200157583e-05,15_34224999,B,15_34224999,15,34224999,34230156,15_34224999,-0.035656985,-0.0041110194,0.019772587,0.011754507,0.028734605392835216
2750,-0.06419272449580182,0.09288807952302233,7.680465647359371e-05,1_155139891,T,1_155139891,1,155139891,155140595,1_155139891,0.06166351,0.022191118,0.009453785,-0.0065146675,0.02996124873339254
2814,-0.06012180351881079,0.10470889933490699,8.312429641693756e-05,1_156009048,B,1_156009048,1,156009048,156020959,1_156009048,0.05925088,0.017676007,0.008002746,-0.007848295,0.03096150507106517
2825,-0.04994774782336922,0.09183601822197929,8.448934650997689e-05,1_156061160,T,1_156061160,1,156061160,156070514,1_156061160,0.058170795,0.012465152,0.012597167,0.0013846551,0.03096150507106517
2844,-0.05715641146094038,0.10347598975047026,8.926181854541225e-05,1_156308968,B,1_156308968,1,156308968,156367873,1_156308968,0.059152566,0.017289735,0.009357667,-0.012276346,0.031171672826746467
5585,0.012448583018005093,-0.015866861963326456,9.546692597538747e-05,2_113705011,T,2_113705011,2,113705011,113756823,2_113705011,-0.013345031,-0.004179117,-0.0032210294,-0.0014479604,0.031171672826746467
2735,-0.06281763099401011,0.08882726409658176,9.826771307770883e-05,1_155050566,T,1_155050566,1,155050566,155062775,1_155050566,0.06308613,0.021606648,0.009509011,-0.00027923952,0.031171672826746467
2850,-0.05654591431793281,0.09290580278978217,9.886573456201588e-05,1_156463727,B,1_156463727,1,156463727,156500828,1_156463727,0.056814883,0.013413698,0.0075502186,-0.010766155,0.031171672826746467
14814,-0.1015386335467751,0.12060254235420405,9.923326663980986e-05,7_10973872,B,7_10973872,7,10973872,11169630,7_10973872,0.0867238,0.0019645926,0.002496865,0.0001713917,0.031171672826746467
14826,-0.10187799606854575,0.1314598158580089,0.00010244512938805669,7_12686856,B,7_12686856,7,12686856,12690934,7_12686856,0.08595585,-0.00067316485,0.0046011675,-0.0019677526,0.031171672826746467
14820,-0.10145773057296295,0.1218033102695543,0.00010310650070866275,7_12211241,B,7_12211241,7,12211241,12243367,7_12211241,0.086883955,0.006385673,0.0061609247,-0.002335961,0.031171672826746467
2774,-0.06247710905903783,0.0930772275655053,0.0001160497978267813,1_155255979,T,1_155255979,1,155255979,155262430,1_155255979,0.06323557,0.02322617,0.009262259,-0.0026866035,0.03422902939315284
14793,-0.0992173052016314,0.13430750878664882,0.00012420610017247415,7_7156934,B,7_7156934,7,7156934,7248651,7_7156934,0.0847723,0.0075407983,0.0025598386,-0.005985408,0.035028362258995645
2808,-0.05707366976405454,0.09845437788147482,0.00012455301224979846,1_155897808,B,1_155897808,1,155897808,155911404,1_155897808,0.06013694,0.024672283,0.011828028,-0.0045365086,0.035028362258995645
14838,-0.10076658100354877,0.12711972172682398,0.00012773661020730416,7_16646131,B,7_16646131,7,16646131,16706523,7_16646131,0.085258715,0.00060015713,0.0043970076,-6.861076e-05,0.03510724607356657
14828,-0.08322012050225161,0.1314598158580089,0.00013095849527606306,7_12686856,T,7_12686856,7,12686856,12690934,7_12686856,0.08595585,-0.00067316485,0.0046011675,-0.0019677526,0.03519291296385402
2744,-0.06016271703690851,0.08846171360621413,0.0001430113046038061,1_155127460,T,1_155127460,1,155127460,155134857,1_155127460,0.063399665,0.024649944,0.012645815,0.0013919849,0.037596428403778845
2720,-0.05522851228274136,0.11496971672262513,0.00015944295518611007,1_154944076,T,1_154944076,1,154944076,154956123,1_154944076,0.0516089,0.021784944,-0.0078466665,-0.011921676,0.03856733876325556
2658,-0.15933385486392945,0.0159087237476837,0.00015984598385339666,1_153789030,B,1_153789030,1,153789030,153923360,1_153789030,0.042864695,-0.053356152,-0.10782543,-0.10561742,0.03856733876325556
14813,-0.08314062238276337,0.11994262468775015,0.0001621478349172389,7_10931951,T,7_10931951,7,10931951,10940256,7_10931951,0.08685291,0.0033022882,0.0058355266,-0.0029590991,0.03856733876325556
2787,-0.06783964830123132,0.09492317865532991,0.00016464678422449728,1_155335268,B,1_155335268,1,155335268,155562807,1_155335268,0.06262668,0.02248576,0.00792691,-0.010354491,0.03856733876325556
2642,-0.13880652136012983,0.03052693312629759,0.00016488209209084088,1_153633982,T,1_153633982,1,153633982,153646306,1_153633982,0.0463127,-0.07864713,-0.10538108,-0.148521,0.03856733876325556
2820,-0.05763573198208624,0.10251470743533889,0.00016583987560483664,1_156054726,B,1_156054726,1,156054726,156058510,1_156054726,0.058264676,0.017676007,0.008002746,-0.00736741,0.03856733876325556
27662,0.05382475223100414,-0.06654851225495449,0.00017022600351343465,15_34084017,T,15_34084017,15,34084017,34101948,15_34084017,-0.035264563,-0.0016117488,0.025468241,0.011029127,0.03884043510354652
24284,-0.05780919136904636,-0.06088626932978927,0.00017394236304064007,12_53295291,T,12_53295291,12,53295291,53299450,12_53295291,0.06889729,-0.012909982,-0.0027543379,-0.010133739,0.038953425856490004
7457,0.03196796167825704,-0.004942159631625774,0.0001848896884045871,3_44975241,T,3_44975241,3,44975241,45036066,3_44975241,-0.019942667,0.011182534,0.0072775967,0.015604213,0.04038174189369788
27636,0.06084308930300757,-0.06184351272563564,0.00018699888745944606,15_31326855,B,15_31326855,15,31326855,31435665,15_31326855,-0.029522818,-0.0021291375,0.025468241,0.01098489,0.04038174189369788
14811,-0.09785560317185164,0.11994262468775015,0.00019450303256002247,7_10931951,B,7_10931951,7,10931951,10940256,7_10931951,0.08685291,0.0033022882,0.0058355266,-0.0029590991,0.04094498163549983
28709,0.0276887265126584,-0.015480697239939651,0.0001963788088033565,15_90083045,T,15_90083045,15,90083045,90102504,15_90083045,-0.021651173,7.589919e-05,0.0014190706,0.004918052,0.04094498163549983
14840,-0.08109477347797553,0.12711972172682398,0.00020121414614832797,7_16646131,T,7_16646131,7,16646131,16706523,7_16646131,0.085258715,0.00060015713,0.0043970076,-6.861076e-05,0.041242079141893734
14816,-0.08062576603365575,0.12060254235420405,0.00021686651293019823,7_10973872,T,7_10973872,7,10973872,11169630,7_10973872,0.0867238,0.0019645926,0.002496865,0.0001713917,0.04370944568108145
27603,0.06455859461704774,-0.0662415311316397,0.0002222910154759192,15_25333728,B,15_25333728,15,25333728,25439056,15_25333728,-0.033849914,-0.00043783514,0.027297625,0.010968838,0.04393639916166364
7428,0.032625212031762565,-0.0481708341709829,0.00022717551711232286,3_43690113,B,3_43690113,3,43690113,43734371,3_43690113,-0.020467544,-0.003727783,0.007170006,0.010778516,0.04393639916166364
20414,0.020567769648324047,-0.02921152170459728,0.0002307174995268446,10_92451684,T,10_92451684,10,92451684,92574076,10_92451684,-0.022319673,0.00051147724,-0.0054317466,-0.0016534497,0.04393639916166364
2778,-0.06575198214403255,0.09378263679220769,0.00024009920412747517,1_155308748,B,1_155308748,1,155308748,155320666,1_155308748,0.062009856,0.022861602,0.0093425205,-0.0053656525,0.04393639916166364
14850,-0.09595994881949559,0.1273190776077109,0.00024087334515880254,7_17298622,B,7_17298622,7,17298622,17346152,7_17298622,0.08210118,-0.0005908985,0.004581704,-0.004666636,0.04393639916166364
2759,-0.05794822756542234,0.0912143611765664,0.00024261811741818824,1_155185824,T,1_155185824,1,155185824,155192916,1_155185824,0.059584644,0.019775646,0.0077059534,-0.0011938516,0.04393639916166364
14853,-0.09552184805293568,0.13340587487879332,0.00024342501809571356,7_17790761,B,7_17790761,7,17790761,17940501,7_17790761,0.08058022,0.0046569644,0.0060786265,0.0015235782,0.04393639916166364
27689,0.04408872996590772,-0.048914476576049186,0.0002635902270963069,15_34978341,T,15_34978341,15,34978341,34988287,15_34978341,-0.034554716,-0.0039082146,0.009070788,0.008182374,0.045689907342987016
27588,0.06329588849937573,-0.06363209817306796,0.00026693035214981166,15_22838641,B,15_22838641,15,22838641,22868384,15_22838641,-0.03244855,-0.00057401793,0.027852552,0.010858402,0.045689907342987016
2745,-0.06421036811888868,0.09206447182842828,0.00026789615860149283,1_155135344,B,1_155135344,1,155135344,155138857,1_155135344,0.062954955,0.022121683,0.008491404,-0.0055539007,0.045689907342987016
33419,0.043614444349535125,-0.029784098097542934,0.00026919554989952567,18_36108532,T,18_36108532,18,36108532,36129385,18_36108532,-0.012701765,0.029239526,0.02827354,0.034250595,0.045689907342987016
14810,-0.07632551088776882,0.1232137758002942,0.0002766833817458434,7_8113184,T,7_8113184,7,8113184,8262687,7_8113184,0.07865461,0.009199019,0.011852338,0.0025160634,0.045689907342987016
2660,-0.12507862606376957,0.0159087237476837,0.0002816482411058617,1_153789030,T,1_153789030,1,153789030,153923360,1_153789030,0.042864695,-0.053356152,-0.10782543,-0.10561742,0.045689907342987016
2851,-0.04974681238319431,0.09290580278978217,0.00028562907037945717,1_156463727,M,1_156463727,1,156463727,156500828,1_156463727,0.056814883,0.013413698,0.0075502186,-0.010766155,0.045689907342987016
33417,0.04493056122261871,-0.029784098097542934,0.0002863750929805354,18_36108532,B,18_36108532,18,36108532,36129385,18_36108532,-0.012701765,0.029239526,0.02827354,0.034250595,0.045689907342987016
2646,-0.14994060087411648,0.03008840575578564,0.00028719897196223277,1_153661788,B,1_153661788,1,153661788,153671048,1_153661788,0.049471464,-0.07864713,-0.11382188,-0.14596722,0.045689907342987016
2796,-0.05242557806911828,0.07261941831916771,0.0002909222579517076,1_155659443,B,1_155659443,1,155659443,155689000,1_155659443,0.053577654,0.020920536,0.010977555,-0.0048045283,0.045689907342987016
2772,-0.0646854318090239,0.0930772275655053,0.0003081725755696767,1_155255979,B,1_155255979,1,155255979,155262430,1_155255979,0.06323557,0.02322617,0.009262259,-0.0026866035,0.04679429898185031
2748,-0.06457408129910751,0.09288807952302233,0.00030875379811901184,1_155139891,B,1_155139891,1,155139891,155140595,1_155139891,0.06166351,0.022191118,0.009453785,-0.0065146675,0.04679429898185031
27668,0.04973214870426883,-0.05775131154151881,0.00030956288088547295,15_34140674,T,15_34140674,15,34140674,34210096,15_34140674,-0.03591073,-0.0027484132,0.021612177,0.010486306,0.04679429898185031
14852,-0.07787729665561713,0.1273190776077109,0.00031441368975842636,7_17298622,T,7_17298622,7,17298622,17346152,7_17298622,0.08210118,-0.0005908985,0.004581704,-0.004666636,0.0469407993857858
2837,-0.03975159616259446,0.054866127780842405,0.0003283010969174035,1_156249224,T,1_156249224,1,156249224,156282825,1_156249224,0.04152617,0.011496608,0.0041301036,8.2854545e-05,0.04798055152614726
2727,-0.05560544998731623,0.06298831553464591,0.00033247869546760797,1_154983338,B,1_154983338,1,154983338,154993111,1_154983338,0.056674488,0.01995208,0.008342802,-0.0039620674,0.04798055152614726
25388,0.038822612558024897,-0.071701856541821,0.0003366469855862542,12_123289109,T,12_123289109,12,123289109,123364843,12_123289109,-0.015541856,0.014821538,0.0077671264,0.03125687,0.04798055152614726
14855,-0.07601524484300656,0.13340587487879332,0.0003372485636089074,7_17790761,T,7_17790761,7,17790761,17940501,7_17790761,0.08058022,0.0046569644,0.0060786265,0.0015235782,0.04798055152614726
28708,0.024320536119155516,-0.015480697239939651,0.0003622963900328736,15_90083045,M,15_90083045,15,90083045,90102504,15_90083045,-0.021651173,7.589919e-05,0.0014190706,0.004918052,0.05003788293692219
21414,-0.028726130751862086,0.008982658773866923,0.00036930409551702727,11_13668670,B,11_13668670,11,13668670,13732346,11_13668670,0.018497856,-0.003847583,-0.007014007,-0.0027494866,0.05003788293692219
6917,0.021394012579892777,-0.028735158308133717,0.0003701395769068595,2_241637213,T,2_241637213,2,241637213,241673857,2_241637213,-0.010589683,0.00525031,0.0110544,0.018199613,0.05003788293692219
2823,-0.05143620535131342,0.09183601822197929,0.0003719625475598691,1_156061160,B,1_156061160,1,156061160,156070514,1_156061160,0.058170795,0.012465152,0.012597167,0.0013846551,0.05003788293692219
36886,-0.02799822026528788,0.02169852401189802,0.00037239803723831944,20_19886521,M,20_19886521,20,19886521,20002457,20_19886521,0.012331695,-0.009643987,-0.009124117,-0.007551481,0.05003788293692219
2733,-0.062277281309938766,0.08882726409658176,0.0003804014680848928,1_155050566,B,1_155050566,1,155050566,155062775,1_155050566,0.06308613,0.021606648,0.009509011,-0.00027923952,0.050551592896160534
36834,-0.05081270583940685,0.04022330521125292,0.0003949173686127216,20_16729961,B,20_16729961,20,16729961,16742563,20_16729961,0.017482743,-0.0095509775,-0.03055496,-0.027559735,0.05086820050174364
2742,-0.06172638001291707,0.08846171360621413,0.0003952224040754966,1_155127460,B,1_155127460,1,155127460,155134857,1_155127460,0.063399665,0.024649944,0.012645815,0.0013919849,0.05086820050174364
14843,-0.07674459104810746,0.11992853661799782,0.0004008447325720862,7_16753535,T,7_16753535,7,16753535,16784536,7_16753535,0.07943055,0.00051700167,0.007581439,-0.0011663515,0.05086820050174364
2824,-0.046787393425755094,0.09183601822197929,0.0004032781408536328,1_156061160,M,1_156061160,1,156061160,156070514,1_156061160,0.058170795,0.012465152,0.012597167,0.0013846551,0.05086820050174364
36846,-0.0502919303005735,0.03923121808213081,0.0004038160297831299,20_17613678,B,20_17613678,20,17613678,17682295,20_17613678,0.015194015,-0.0095509775,-0.031219425,-0.027409788,0.05086820050174364
7646,0.026587750697130035,-0.01948967019154625,0.00041120774413302177,3_49412206,T,3_49412206,3,49412206,49416475,3_49412206,-0.018147662,0.002727997,0.0070955036,0.009206911,0.05126531185361476
14846,-0.07702771576335612,0.11398975668593501,0.00041964778723071696,7_16791811,T,7_16791811,7,16791811,16833433,7_16791811,0.07901203,0.012696932,0.0074802125,-0.00048090098,0.051523826698515976
6915,0.021749839408181385,-0.028735158308133717,0.00042919199108741276,2_241637213,B,2_241637213,2,241637213,241673857,2_241637213,-0.010589683,0.00525031,0.0110544,0.018199613,0.051523826698515976
33479,0.04464646547423786,-0.012331851782056931,0.00043572704367981824,18_47808957,T,18_47808957,18,47808957,47931146,18_47808957,-0.016366173,0.031137895,0.020877197,0.035683144,0.051523826698515976
36849,-0.0498165874384284,0.0331313072244528,0.00043902240590596716,20_17941597,B,20_17941597,20,17941597,17968980,20_17941597,0.014695688,-0.011998991,-0.031219425,-0.023552213,0.051523826698515976
2285,0.021770466098387238,-0.015379202763010991,0.0004392030982213697,1_117929720,T,1_117929720,1,117929720,117966542,1_117929720,-0.019026121,-0.00047943176,0.0045737755,0.0036090782,0.051523826698515976
14841,-0.09242981716740117,0.11992853661799782,0.0004448042952972132,7_16753535,B,7_16753535,7,16753535,16784536,7_16753535,0.07943055,0.00051700167,0.007581439,-0.0011663515,0.051523826698515976
2784,-0.06107675776671828,0.07322846828265464,0.00044938549289277207,1_155320896,B,1_155320896,1,155320896,155331114,1_155320896,0.06201493,0.018472232,0.007357735,0.0021436813,0.051523826698515976
2757,-0.06169896830186611,0.0912143611765664,0.0004497012661979754,1_155185824,B,1_155185824,1,155185824,155192916,1_155185824,0.059584644,0.019775646,0.0077059534,-0.0011938516,0.051523826698515976
2834,-0.04169209019852782,0.04454337826748942,0.0004516270263824273,1_156193932,T,1_156193932,1,156193932,156212796,1_156193932,0.028597571,0.0024306318,0.004313555,-0.005505945,0.051523826698515976
14808,-0.09002867282341707,0.1232137758002942,0.0004734357049184373,7_8113184,B,7_8113184,7,8113184,8262687,7_8113184,0.07865461,0.009199019,0.011852338,0.0025160634,0.053507083921295905
27623,0.04036530767233471,-0.03743768341953982,0.0004823668150834469,15_29699367,T,15_29699367,15,29699367,29968865,15_29699367,-0.03545988,-0.0027287207,0.0012942312,0.004097692,0.05401168421114929
31641,0.05301762413691092,-0.013452512298107672,0.0004936236282031278,17_34961530,B,17_34961530,17,34961530,34963775,17_34961530,-0.031755716,-0.0056324983,0.024922755,0.024461316,0.05443604316907312
8764,-0.03572106267154209,0.012503547810097139,0.0004992294823925087,3_153162270,M,3_153162270,3,153162270,153170620,3_153162270,0.035533704,-0.00478283,-0.011002016,-0.0063506234,0.05443604316907312
33476,0.04648210744307986,-0.018453055819007996,0.0005015492028851978,18_47152998,T,18_47152998,18,47152998,47176374,18_47152998,-0.019831693,0.031530302,0.026051804,0.038690895,0.05443604316907312
27638,0.049639445373026794,-0.06184351272563564,0.0005064202842851059,15_31326855,T,15_31326855,15,31326855,31435665,15_31326855,-0.029522818,-0.0021291375,0.025468241,0.01098489,0.05443604316907312
31575,0.04497184425056524,-0.027358696851205094,0.0005086639277354885,17_30968785,B,17_30968785,17,30968785,30999911,17_30968785,-0.031275887,-0.0019801233,0.01401936,0.0053457487,0.05443604316907312
2786,-0.055978213010920194,0.07322846828265464,0.0005195493611638199,1_155320896,T,1_155320896,1,155320896,155331114,1_155320896,0.06201493,0.018472232,0.007357735,0.0021436813,0.054669964750915984
27605,0.050778717105038534,-0.0662415311316397,0.0005198913376627254,15_25333728,T,15_25333728,15,25333728,25439056,15_25333728,-0.033849914,-0.00043783514,0.027297625,0.010968838,0.054669964750915984
2645,-0.12583027707113903,-0.006309848852571576,0.0005258254167401368,1_153658654,T,1_153658654,1,153658654,153661830,1_153658654,0.041323867,-0.07611738,-0.10453854,-0.13766539,0.05481729969515926
9356,0.05027339978898732,-0.020887792212560125,0.0005373953394969832,4_1692800,T,4_1692800,4,1692800,1712555,4_1692800,-0.0059199263,0.022396972,0.01980904,0.054162536,0.055544631115701015
27687,0.04744497603340691,-0.048914476576049186,0.0005499043329642552,15_34978341,B,15_34978341,15,34978341,34988287,15_34978341,-0.034554716,-0.0039082146,0.009070788,0.008182374,0.05570273231875692
7541,0.028679749434073525,0.005761422079865539,0.0005622675970773067,3_47495640,T,3_47495640,3,47495640,47513761,3_47495640,-0.018152539,0.0086746765,0.0071196803,0.014532428,0.05570273231875692
20413,0.021492940740575492,-0.02921152170459728,0.000563087533904739,10_92451684,M,10_92451684,10,92451684,92574076,10_92451684,-0.022319673,0.00051147724,-0.0054317466,-0.0016534497,0.05570273231875692
2815,-0.04618080591739726,0.10470889933490699,0.0005635124290820592,1_156009048,M,1_156009048,1,156009048,156020959,1_156009048,0.05925088,0.017676007,0.008002746,-0.007848295,0.05570273231875692
2811,-0.050559008728061905,0.09867893366940106,0.0005652251532870438,1_155946851,B,1_155946851,1,155946851,156007070,1_155946851,0.044607833,0.017721545,0.008967488,-0.011880958,0.05570273231875692
1982,0.03480702306652054,-0.005036846242376745,0.0005759548288849672,1_100133150,T,1_100133150,1,100133150,100150497,1_100133150,-0.015992755,0.011805073,0.00056803436,0.014956524,0.05570273231875692
3205,-0.02637357736263667,0.03134243558743126,0.0005801996803677026,1_169921326,M,1_169921326,1,169921326,170085208,1_169921326,0.013291212,-0.0025697951,-0.0007582617,-0.0063924897,0.05570273231875692
2842,-0.044780278110166785,0.10420837839984594,0.0005811240242333948,1_156290089,M,1_156290089,1,156290089,156295689,1_156290089,0.05977128,0.019050466,0.011323827,-0.006791426,0.05570273231875692
3146,-0.04422189764057359,-0.04849885993218251,0.0005829985921648694,1_167529677,T,1_167529677,1,167529677,167553767,1_167529677,0.00805982,-0.027932817,-0.025809374,-0.034202836,0.05570273231875692
36843,-0.04935051708253766,0.039035345543521095,0.0005849869349608971,20_17569863,B,20_17569863,20,17569863,17609919,20_17569863,0.015116912,-0.0095509775,-0.03055496,-0.027420683,0.05570273231875692
27737,0.03507280865385642,-0.07033086942894622,0.0005936343953900858,15_40405795,T,15_40405795,15,40405795,40435947,15_40405795,-0.028785711,-0.01080607,-0.0002643663,0.0047467467,0.056084537058221154
6405,0.031894379043224556,-0.034605899499098376,0.0006083646145889587,2_206114817,B,2_206114817,2,206114817,206159603,2_206114817,-0.019549564,0.004673735,0.01287747,0.015627388,0.056313366820381607
31891,-0.05530419166304902,0.03596329334862604,0.000612690399204721,17_41513743,M,17_41513743,17,41513743,41522529,17_41513743,0.06489234,0.0010840559,0.005936444,0.007025742,0.056313366820381607
2835,-0.04378652536998021,0.054866127780842405,0.0006132032788157896,1_156249224,B,1_156249224,1,156249224,156282825,1_156249224,0.04152617,0.011496608,0.0041301036,8.2854545e-05,0.056313366820381607
24290,-0.051491760282826406,-0.07085408152214988,0.000620228024024026,12_53441605,T,12_53441605,12,53441605,53446645,12_53441605,0.063129805,-0.01652777,-0.0010712593,-0.013746452,0.056313366820381607
27618,0.053011964446468565,-0.06991112409644193,0.0006216730033313068,15_29264992,B,15_29264992,15,29264992,29269829,15_29264992,-0.02653494,0.0014238681,0.021830976,0.011279068,0.056313366820381607
20575,0.019063332098109082,-0.0275658376151244,0.0006242514929916089,10_99702558,M,10_99702558,10,99702558,99756134,10_99702558,-0.01281067,0.004712767,-0.0040986743,-0.0031639338,0.056313366820381607
2621,-0.13173100854520103,0.02231514172707577,0.0006327561952102563,1_153543613,T,1_153543613,1,153543613,153550136,1_153543613,0.049458537,-0.07526239,-0.111357406,-0.14485359,0.056313366820381607
2845,-0.04524152682611866,0.10347598975047026,0.0006333100047607623,1_156308968,M,1_156308968,1,156308968,156367873,1_156308968,0.059152566,0.017289735,0.009357667,-0.012276346,0.056313366820381607
24283,-0.05838298153694045,-0.06088626932978927,0.0006468928564583737,12_53295291,M,12_53295291,12,53295291,53299450,12_53295291,0.06889729,-0.012909982,-0.0027543379,-0.010133739,0.057101279658037324
7430,0.029393215870957785,-0.0481708341709829,0.0006591873264767106,3_43690113,T,3_43690113,3,43690113,43734371,3_43690113,-0.020467544,-0.003727783,0.007170006,0.010778516,0.05750692450340312
9996,0.04434074096324027,-0.032539625079916076,0.000664586598174846,4_75513946,B,4_75513946,4,75513946,75550473,4_75513946,-0.032673065,-0.0054295976,0.0062420717,-0.0018577254,0.05750692450340312
14849,-0.07333517509877674,0.1118340194763304,0.0006704899925307213,7_16859405,T,7_16859405,7,16859405,16881987,7_16859405,0.068016134,0.009552959,0.010442569,-0.0013996679,0.05750692450340312
14827,-0.08134067667976846,0.1314598158580089,0.0006744743477303853,7_12686856,M,7_12686856,7,12686856,12690934,7_12686856,0.08595585,-0.00067316485,0.0046011675,-0.0019677526,0.05750692450340312
33421,0.03500836951506066,0.0023504856502014598,0.000676644944640379,18_36129444,M,18_36129444,18,36129444,36180556,18_36129444,-0.013087785,0.037987955,0.02634636,0.035889212,0.05750692450340312
33422,0.03744741780055827,0.0023504856502014598,0.0006813126284268891,18_36129444,T,18_36129444,18,36129444,36180556,18_36129444,-0.013087785,0.037987955,0.02634636,0.035889212,0.05750692450340312
27590,0.049287011044907646,-0.06363209817306796,0.0006847760794252914,15_22838641,T,15_22838641,15,22838641,22868384,15_22838641,-0.03244855,-0.00057401793,0.027852552,0.010858402,0.05750692450340312
7454,0.03169867081878862,-0.0029832468668923914,0.0006932760194670269,3_44915257,T,3_44915257,3,44915257,44976185,3_44915257,-0.023225795,0.010442136,0.0004618821,0.016748333,0.05781922002355004
14844,-0.08983228282947556,0.11398975668593501,0.0007350781124993356,7_16791811,B,7_16791811,7,16791811,16833433,7_16791811,0.07901203,0.012696932,0.0074802125,-0.00048090098,0.060885613797633326
6894,0.022261508736517416,-0.025401493794275205,0.0007636069570844337,2_241149576,B,2_241149576,2,241149576,241183652,2_241149576,-0.014306437,0.005630126,0.012137347,0.016824046,0.06268383030073141
6648,0.020563662953360887,-0.03185574335522667,0.0007671551215172619,2_223855716,B,2_223855716,2,223855716,223945387,2_223855716,-0.009396102,0.002063956,0.008771453,0.0014008634,0.06268383030073141
27680,0.04298621480250804,-0.03388559523735417,0.0007850459024965663,15_34379068,T,15_34379068,15,34379068,34437466,15_34379068,-0.026618099,-0.0009524816,0.0033516618,0.01504037,0.06371516844893273
28639,0.0240713147952536,-0.04443362623813778,0.00080417092843394,15_85380571,M,15_85380571,15,85380571,85749358,15_85380571,-0.02504267,-0.006617982,-0.0075457874,-0.0073205256,0.06456842581834765
27591,0.059987418894992775,-0.061327460865938,0.0008106130725293878,15_22867052,B,15_22867052,15,22867052,22981063,15_22867052,-0.030517528,-0.0025506082,0.025287326,0.013668369,0.06456842581834765
2867,-0.04085208275052034,0.07164436544606795,0.0008165633836178035,1_156721891,T,1_156721891,1,156721891,156728799,1_156721891,0.029185932,0.011195676,0.009515462,-0.013022103,0.06456842581834765
8763,-0.03505011856804754,0.012503547810097139,0.0008185892168966043,3_153162270,B,3_153162270,3,153162270,153170620,3_153162270,0.035533704,-0.00478283,-0.011002016,-0.0063506234,0.06456842581834765
27716,0.03579024656028422,-0.07488860130917055,0.0008356574322320342,15_40035739,T,15_40035739,15,40035739,40039188,15_40035739,-0.02910785,-0.009588723,-0.0033923609,-0.0011165718,0.06456842581834765
2618,-0.1291088568022944,0.017660612128019705,0.0008375445433664845,1_153534599,T,1_153534599,1,153534599,153536244,1_153534599,0.046997093,-0.07526239,-0.111357406,-0.14485359,0.06456842581834765
27597,0.05793621748959066,-0.05771241699022678,0.0008382707812906318,15_24823637,B,15_24823637,15,24823637,24978723,15_24823637,-0.026397659,-0.0016117488,0.027852552,0.011029127,0.06456842581834765
7850,0.030491690879917873,-0.007447271491752826,0.0008426042983261608,3_53283428,T,3_53283428,3,53283428,53347610,3_53283428,-0.0150525095,0.005744115,0.0017065109,0.016947836,0.06456842581834765
14839,-0.07935751616509279,0.12711972172682398,0.0008436129396592186,7_16646131,M,7_16646131,7,16646131,16706523,7_16646131,0.085258715,0.00060015713,0.0043970076,-6.861076e-05,0.06456842581834765
2676,-0.1255866031729504,0.06693010979904192,0.0008695218322093744,1_153981617,B,1_153981617,1,153981617,153986358,1_153981617,0.04319794,-0.04158023,-0.079811625,-0.087961964,0.06613287746482997
8735,-0.03779909904839639,0.010022615993217365,0.0008769000271880345,3_150741127,T,3_150741127,3,150741127,150763477,3_150741127,0.035698056,-0.0060026622,-0.009632836,-0.008503793,0.06627720017990564
33408,0.04165602025327291,-0.01050540395050762,0.0009047722222893815,18_35581117,B,18_35581117,18,35581117,35711834,18_35581117,-0.009497779,0.0330986,0.029179273,0.034224954,0.06795907133009621
7742,0.03143143818699587,-0.010595389588187948,0.0009120060402190766,3_50611520,T,3_50611520,3,50611520,50649297,3_50611520,-0.018971965,0.0057593687,0.0014363708,0.015697716,0.06807956200227959
31915,-0.04773455460080198,0.030417556646851245,0.0009220609062369698,17_41801947,M,17_41801947,17,41801947,41812604,17_41801947,0.06212242,0.005897256,0.0066378466,0.0015296129,0.06840786833818206
841,0.03984155818770563,-0.015918689243822642,0.0009478256535616356,1_28887091,M,1_28887091,1,28887091,29120046,1_28887091,-0.042111557,-0.0015723581,-0.01600228,-0.0050167716,0.06963058444982789
9972,0.05275569081183211,-0.02489525398252324,0.0009563856328970708,4_74097035,B,4_74097035,4,74097035,74099293,4_74097035,-0.04142771,-0.013009076,0.009079958,-0.00979047,0.06963058444982789
6918,0.022893344772801735,-0.029810272819847564,0.0009675068646651702,2_241675742,B,2_241675742,2,241675742,241686991,2_241675742,-0.019367294,0.006445498,0.00817978,0.0061924485,0.06963058444982789
14815,-0.0778214840060942,0.12060254235420405,0.0009697758534471355,7_10973872,M,7_10973872,7,10973872,11169630,7_10973872,0.0867238,0.0019645926,0.002496865,0.0001713917,0.06963058444982789
8765,-0.0348036251651611,0.012503547810097139,0.0009776713599073898,3_153162270,T,3_153162270,3,153162270,153170620,3_153162270,0.035533704,-0.00478283,-0.011002016,-0.0063506234,0.06963058444982789
31916,-0.046629482422354686,0.030417556646851245,0.0009801255968740954,17_41801947,T,17_41801947,17,41801947,41812604,17_41801947,0.06212242,0.005897256,0.0066378466,0.0015296129,0.06963058444982789
28703,0.021823236975635468,-0.010189690162346013,0.0009811135389229584,15_89895006,T,15_89895006,15,89895006,89912956,15_89895006,-0.017884118,-0.000740872,0.00018712565,0.005039706,0.06963058444982789
27713,0.03486573396483505,-0.07293897488359764,0.000984605138586006,15_39934146,T,15_39934146,15,39934146,40035591,15_39934146,-0.02955213,-0.00843614,-0.0017012374,0.003339569,0.06963058444982789
20380,0.02026872366202173,-0.018073029794978983,0.0010047135823015865,10_89414586,M,10_89414586,10,89414586,89421001,10_89414586,-0.015103207,-0.0010319868,-0.00083939,-0.0016083241,0.07063954273705282
27686,0.04103576688594428,-0.048505403745159346,0.0010215075066208807,15_34851782,T,15_34851782,15,34851782,34969839,15_34851782,-0.029067429,-0.0013529351,0.014044551,0.012874065,0.07121664699330918
36876,-0.03928525812228494,0.04368679512539923,0.001029956815224566,20_18507493,B,20_18507493,20,18507493,18561415,20_18507493,0.011015772,-0.011987617,-0.024721261,-0.024775252,0.07121664699330918
15395,-0.034796079867306054,0.046652725706712236,0.001030589036949401,7_75027122,T,7_75027122,7,75027122,75074228,7_75027122,0.030227398,0.0054655923,0.0030437186,-0.0019592051,0.07121664699330918
25853,0.0476040528444568,-0.04581716369626718,0.0010434014597183465,13_48037567,T,13_48037567,13,48037567,48047222,13_48037567,-0.04516861,-0.0013353532,-0.0071862396,0.00249511,0.07159931277910109
6900,0.02454264121773385,-0.025226235676455287,0.001050764448321559,2_241227264,B,2_241227264,2,241227264,241317061,2_241227264,-0.019653596,0.0050607696,0.012137347,0.015111054,0.07159931277910109
6890,0.01944623546448087,-0.02272453808791538,0.0010670071182658466,2_241072169,T,2_241072169,2,241072169,241102332,2_241072169,-0.007407713,0.0072593587,0.010596865,0.018806513,0.07159931277910109
24280,-0.04106030217003932,-0.02700815431532106,0.0010670835184960895,12_53251251,M,12_53251251,12,53251251,53254405,12_53251251,0.0417282,-0.009301537,-0.009718569,0.0008614536,0.07159931277910109
8734,-0.03665126890351305,0.010022615993217365,0.0010854417306602475,3_150741127,M,3_150741127,3,150741127,150763477,3_150741127,0.035698056,-0.0060026622,-0.009632836,-0.008503793,0.07159931277910109
2636,-0.12170625277558277,0.021911192549731943,0.0010896863389395946,1_153618787,T,1_153618787,1,153618787,153631360,1_153618787,0.046167802,-0.06018922,-0.099953696,-0.10696361,0.07159931277910109
22836,0.021776713923197202,-0.018513098358070332,0.001092854787455125,11_95768942,B,11_95768942,11,95768942,95790409,11_95768942,-0.010608857,-0.0037533573,0.010611359,0.0029313036,0.07159931277910109
33410,0.03893823667434405,-0.01050540395050762,0.0010974973171061098,18_35581117,T,18_35581117,18,35581117,35711834,18_35581117,-0.009497779,0.0330986,0.029179273,0.034224954,0.07159931277910109
20408,0.019240390030652893,-0.02586991652144032,0.0010985575269692183,10_91923769,T,10_91923769,10,91923769,92030325,10_91923769,-0.021218076,-0.00047616038,-0.0046460917,-0.0012498115,0.07159931277910109
27681,0.0431977959391849,-0.023454487264040095,0.0011008122954167061,15_34525207,B,15_34525207,15,34525207,34588503,15_34525207,-0.028259195,0.0022951502,0.0105503425,0.013588994,0.07159931277910109
2675,-0.1150986008840971,0.10418782912872457,0.0011045741628727312,1_153974269,T,1_153974269,1,153974269,153977688,1_153974269,0.0435263,-0.05093765,-0.10659222,-0.11195144,0.07159931277910109
20402,0.023736016554595996,-0.018414287283734225,0.001112811224576229,10_91798312,T,10_91798312,10,91798312,91865276,10_91798312,-0.025301952,-0.005233246,-0.008606873,-0.0036335438,0.07159931277910109
27684,0.0463395705964244,-0.048505403745159346,0.0011130960723121643,15_34851782,B,15_34851782,15,34851782,34969839,15_34851782,-0.029067429,-0.0013529351,0.014044551,0.012874065,0.07159931277910109
20822,0.028156669121601863,0.001006011361031756,0.0011233892976988753,10_114431113,T,10_114431113,10,114431113,114685003,10_114431113,-0.018454807,0.0043957443,0.0028732743,0.00953344,0.07162344264451946
2821,-0.04372669455978023,0.10251470743533889,0.001125316637927619,1_156054726,M,1_156054726,1,156054726,156058510,1_156054726,0.058264676,0.017676007,0.008002746,-0.00736741,0.07162344264451946
20456,0.021458086806834396,-0.02376241117216045,0.001134431818429122,10_94501434,T,10_94501434,10,94501434,94613905,10_94501434,-0.024675094,-0.0056624743,0.00030788637,-0.0013042713,0.07182557057729515
14897,-0.050725826384253665,0.058467724932291666,0.0011420502795565467,7_23105758,T,7_23105758,7,23105758,23177914,7_23105758,0.035437632,-0.0053205616,0.0045876983,-0.010783949,0.07193132307644437
36819,-0.04812788290465393,0.043873067143778484,0.001170515481991209,20_13714322,B,20_13714322,20,13714322,13784886,20_13714322,0.016400663,-0.009138419,-0.028782563,-0.02477952,0.07318999358662515
27621,0.03888729276730232,-0.03743768341953982,0.0011741386550736194,15_29699367,B,15_29699367,15,29699367,29968865,15_29699367,-0.03545988,-0.0027287207,0.0012942312,0.004097692,0.07318999358662515
24238,-0.031093380410000433,0.01921699521225443,0.0011961934201429945,12_52487174,M,12_52487174,12,52487174,52493257,12_52487174,0.03552811,-0.00076770905,0.00063571794,0.0034339034,0.07418239502456017
38424,0.04324246994131388,-0.04786476493322218,0.0012396848431730527,22_27851669,B,22_27851669,22,27851669,27920134,22_27851669,-0.017304748,0.004852464,0.017331582,0.00036444003,0.0764872898392435
24292,-0.05415748195884531,-0.09063544117169342,0.001248069672690307,12_53452102,M,12_53452102,12,53452102,53481162,12_53452102,0.058985543,-0.025440808,-0.0022987076,-0.020105178,0.07655347385947193
20900,0.022911656023646247,-0.01711183300719148,0.0012534183266497516,10_121740421,T,10_121740421,10,121740421,121928801,10_121740421,-0.021883585,0.0011695757,0.0040122857,0.0066632023,0.07655347385947193
38622,0.027710546685295975,-0.034006396661305074,0.001260443142480129,22_36281277,B,22_36281277,22,36281277,36388067,22_36281277,-0.02401021,-0.0045507774,0.0025086703,-0.002260423,0.07659567297493569
14854,-0.07512802999991433,0.13340587487879332,0.0012720293127897186,7_17790761,M,7_17790761,7,17790761,17940501,7_17790761,0.08058022,0.0046569644,0.0060786265,0.0015235782,0.07691325239783034
24293,-0.05237355512834155,-0.09063544117169342,0.0012903599079620517,12_53452102,T,12_53452102,12,53452102,53481162,12_53452102,0.058985543,-0.025440808,-0.0022987076,-0.020105178,0.07695250558337283
2283,0.022476071246420527,-0.015379202763010991,0.0013036734344854387,1_117929720,B,1_117929720,1,117929720,117966542,1_117929720,-0.019026121,-0.00047943176,0.0045737755,0.0036090782,0.07695250558337283
9401,0.03589955167658514,-0.017601471420531485,0.0013253808531353242,4_2843857,T,4_2843857,4,2843857,2930076,4_2843857,-0.00899132,0.019732507,0.0091836,0.035250325,0.07695250558337283
14812,-0.07526744213973234,0.11994262468775015,0.001328073125394425,7_10931951,M,7_10931951,7,10931951,10940256,7_10931951,0.08685291,0.0033022882,0.0058355266,-0.0029590991,0.07695250558337283
9422,0.03228662452304812,-0.004923277002059349,0.001340901003878447,4_3506376,T,4_3506376,4,3506376,3532559,4_3506376,-0.013146125,0.016606413,0.004019271,0.0319275,0.07695250558337283
38625,0.027567577045323807,-0.032727282149292075,0.0013459743134308533,22_36467036,B,22_36467036,22,36467036,36482030,22_36467036,-0.023941847,-0.00530115,0.0025086703,-0.003747778,0.07695250558337283
38436,0.04410217940185792,-0.04993154636110757,0.0013469984099546972,22_28794555,B,22_28794555,22,28794555,28800597,22_28794555,-0.021317862,0.005843375,0.015615992,-0.00015545366,0.07695250558337283
27622,0.03429733276896514,-0.03743768341953982,0.00135591984475024,15_29699367,M,15_29699367,15,29699367,29968865,15_29699367,-0.03545988,-0.0027287207,0.0012942312,0.004097692,0.07695250558337283
2634,-0.14043453032037576,0.021911192549731943,0.0013640353169981916,1_153618787,B,1_153618787,1,153618787,153631360,1_153618787,0.046167802,-0.06018922,-0.099953696,-0.10696361,0.07695250558337283
6919,0.022020995409395366,-0.029810272819847564,0.0013726444131512707,2_241675742,M,2_241675742,2,241675742,241686991,2_241675742,-0.019367294,0.006445498,0.00817978,0.0061924485,0.07695250558337283
3184,-0.02857470965758572,0.02609116002250593,0.0013733824472585425,1_169105697,M,1_169105697,1,169105697,169132722,1_169105697,0.010220335,-0.010099088,-0.0061234706,-0.011450427,0.07695250558337283
14821,-0.07420595624738814,0.1218033102695543,0.001396072598592241,7_12211241,M,7_12211241,7,12211241,12243367,7_12211241,0.086883955,0.006385673,0.0061609247,-0.002335961,0.07695250558337283
24241,-0.02653164345125309,0.019056865449437903,0.0014002976751373683,12_52514575,M,12_52514575,12,52514575,52520687,12_52514575,0.028171862,-0.0005388853,-8.563561e-06,0.00091018755,0.07695250558337283
28712,0.021429517313180477,-0.014677628755746318,0.001400897888909794,15_90160604,T,15_90160604,15,90160604,90229679,15_90160604,-0.022468345,-0.0008241766,-0.002768467,0.0036984403,0.07695250558337283
14859,-0.08569032148679101,0.10550973857732901,0.001407495262023178,7_20134655,B,7_20134655,7,20134655,20217404,7_20134655,0.06650321,0.0112680355,-0.0013478523,0.00063961843,0.07695250558337283
25406,0.034266558283466364,-0.06121302348790536,0.001408453567660924,12_123620406,T,12_123620406,12,123620406,123633766,12_123620406,-0.010945887,0.012496208,0.016312616,0.030602464,0.07695250558337283
14777,-0.0746441757271662,0.09202039617676812,0.0014171412585637232,7_6577434,T,7_6577434,7,6577434,6589374,7_6577434,0.07117138,0.005786747,0.0055941683,-0.007441194,0.07695250558337283
28660,0.022218569188370185,-0.019604892566813515,0.0014308698508793676,15_88636153,M,15_88636153,15,88636153,88656483,15_88636153,-0.021360794,-0.0013532435,0.00079673814,-0.004014796,0.07695250558337283
27661,0.0360809474222388,-0.06654851225495449,0.001432733525903975,15_34084017,M,15_34084017,15,34084017,34101948,15_34084017,-0.035264563,-0.0016117488,0.025468241,0.011029127,0.07695250558337283
28651,0.02098501202511167,-0.0171297564534303,0.0014351861497159306,15_88467453,M,15_88467453,15,88467453,88480773,15_88467453,-0.021615123,-0.0019087321,-0.0018591718,-0.004229343,0.07695250558337283
14851,-0.0762682613803578,0.1273190776077109,0.001436882575262426,7_17298622,M,7_17298622,7,17298622,17346152,7_17298622,0.08210118,-0.0005908985,0.004581704,-0.004666636,0.07695250558337283
9410,0.031685490443922174,-0.02778095873851987,0.0014426455936823485,4_2937933,T,4_2937933,4,2937933,2963385,4_2937933,-0.012905642,0.0049589947,0.008555185,0.021315075,0.07695250558337283
9344,0.04305729201433211,-0.02005502918316965,0.0014485169208285752,4_1166932,T,4_1166932,4,1166932,1208962,4_1166932,-0.005437832,0.023106715,0.027452542,0.045784257,0.07695250558337283
25361,0.033883954405159275,-0.06697963916128484,0.00145186404522353,12_122752774,T,12_122752774,12,122752774,122771064,12_122752774,-0.009896499,0.011801261,0.0077671264,0.03125687,0.07695250558337283
31912,-0.052786531378134924,0.06911073279970757,0.0014558386773636425,17_41754604,M,17_41754604,17,41754604,41786931,17_41754604,0.07337043,0.013793262,0.017011987,0.00800232,0.07695250558337283
31903,-0.044980482426821844,0.026233108385088164,0.0014607244946572824,17_41619437,M,17_41619437,17,41619437,41624842,17_41619437,0.05793973,0.0031970504,0.0026682673,0.0058430773,0.07695250558337283
20902,0.024286395697454576,-0.0017772358469155692,0.0014682808726434362,10_121957088,M,10_121957088,10,121957088,121975217,10_121957088,-0.018959193,0.0085705565,0.010343922,0.0113840625,0.07695250558337283
20579,0.0186852092745217,-0.035961340696590016,0.0014696823307136845,10_99708748,T,10_99708748,10,99708748,99732666,10_99708748,-0.01888202,-0.0049359426,-0.0007402665,-0.00017846185,0.07695250558337283
2738,-0.048947759366823024,0.055968879884758016,0.0014700229888924199,1_155063731,T,1_155063731,1,155063731,155069553,1_155063731,0.042766124,0.0077453973,0.0015082768,0.0,0.07695250558337283
27620,0.045241553998471275,-0.06991112409644193,0.0014702641822716231,15_29264992,T,15_29264992,15,29264992,29269829,15_29264992,-0.02653494,0.0014238681,0.021830976,0.011279068,0.07695250558337283
27779,0.03288762896146612,-0.03538840724792838,0.0014764495513564348,15_40978880,T,15_40978880,15,40978880,41116354,15_40978880,-0.025932457,-0.0076890434,0.0016747426,0.004361287,0.07695250558337283
24289,-0.05426182854339398,-0.07085408152214988,0.0014768768703623866,12_53441605,M,12_53441605,12,53441605,53446645,12_53441605,0.063129805,-0.01652777,-0.0010712593,-0.013746452,0.07695250558337283
38619,0.027748353186352895,-0.04130053632011829,0.0014826704540582046,22_36253010,B,22_36253010,22,36253010,36267530,22_36253010,-0.024804687,-0.0060111303,0.00014206824,-0.007197606,0.07695250558337283
8935,-0.04358960870877632,0.026344485917373484,0.0014988220894554042,3_172505508,M,3_172505508,3,172505508,172523507,3_172505508,0.044176355,-0.0017705143,-0.0034106914,0.0074453135,0.07712826173001433
27752,0.03400813679051238,-0.07046742728210181,0.0015016382956819598,15_40764020,T,15_40764020,15,40764020,40767710,15_40764020,-0.027474886,-0.013031646,-0.0030363763,0.0009540232,0.07712826173001433
25352,0.0337269104874398,-0.0668452948746972,0.0015061964724291158,12_122503458,T,12_122503458,12,122503458,122527000,12_122503458,-0.009831384,0.011859428,0.0077671264,0.03125687,0.07712826173001433
845,0.04433432511908785,-0.1205335924390181,0.0015131774795050163,1_29147743,T,1_29147743,1,29147743,29181987,1_29147743,-0.060737103,-0.011726702,-0.01747856,-0.005261108,0.07712826173001433
1657,0.0364195653518842,-0.035323423947095575,0.00151794643940655,1_65792514,M,1_65792514,1,65792514,66374579,1_65792514,-0.00401686,0.026762277,0.005206912,0.030149153,0.07712826173001433
20412,0.019106129799267395,-0.02921152170459728,0.0015285857476909043,10_92451684,B,10_92451684,10,92451684,92574076,10_92451684,-0.022319673,0.00051147724,-0.0054317466,-0.0016534497,0.0771399071612388
6408,0.030047938865358725,-0.033602450335389326,0.0015309334093026802,2_206159585,B,2_206159585,2,206159585,206162928,2_206159585,-0.018627282,0.0025434962,0.011690949,0.017690795,0.0771399071612388
35069,-0.052460757707355636,-0.06671020304023349,0.0015421328690062431,19_34428352,T,19_34428352,19,34428352,34471251,19_34428352,0.022245936,-0.02648536,-0.0031055638,-0.034766816,0.07715116929691736
7532,0.025040536396141268,-0.01755955487047709,0.0015518427504211906,3_47282917,T,3_47282917,3,47282917,47346816,3_47282917,-0.015220162,0.0018623795,0.0036818353,0.009521819,0.07715116929691736
20911,0.023840058592883753,-0.002240333023359249,0.0015556489609958595,10_122374696,M,10_122374696,10,122374696,122442602,10_122374696,-0.0184268,0.008972962,0.010174601,0.012108701,0.07715116929691736
27688,0.03244720941836758,-0.048914476576049186,0.0015566762018066514,15_34978341,M,15_34978341,15,34978341,34988287,15_34978341,-0.034554716,-0.0039082146,0.009070788,0.008182374,0.07715116929691736
24277,-0.026966869296061388,0.021097629654278426,0.0015678835207712397,12_53210567,M,12_53210567,12,53210567,53232980,12_53210567,0.026818166,-0.0014351943,0.0,0.0012297981,0.07738945068035348
31607,0.04068604671650363,-0.01411369003883801,0.001591198603859625,17_32142454,T,17_32142454,17,32142454,32253374,17_32142454,-0.027673047,0.00018876161,0.011978896,0.026176369,0.07822099478241644
33475,0.03798888972948619,-0.018453055819007996,0.0016036038418082647,18_47152998,M,18_47152998,18,47152998,47176374,18_47152998,-0.019831693,0.031530302,0.026051804,0.038690895,0.0785116650161431
2240,0.025492480910488953,-0.007379951954877917,0.0016275875397491386,1_114769479,T,1_114769479,1,114769479,114780685,1_114769479,-0.02331849,-0.011194793,-0.00072109094,0.004721662,0.07936458112171908
15389,-0.020867492894007952,0.009038051567093768,0.0016541574307675736,7_74773962,T,7_74773962,7,74773962,74789315,7_74773962,0.011496602,0.003873524,0.00045954174,-0.007016183,0.07974731156318281
27593,0.04539013301526432,-0.061327460865938,0.0016542929938415198,15_22867052,T,15_22867052,15,22867052,22981063,15_22867052,-0.030517528,-0.0025506082,0.025287326,0.013668369,0.07974731156318281
8721,-0.033534367632645445,0.013505702008288985,0.0016587130732302455,3_150408335,B,3_150408335,3,150408335,150466431,3_150408335,0.032403115,-0.004297798,-0.009958821,-0.0036086966,0.07974731156318281
31922,-0.04425975970223123,0.04532937720665593,0.00166195107940784,17_41825181,T,17_41825181,17,41825181,41836263,17_41825181,0.066786736,0.018291822,0.022500684,0.013401387,0.07974731156318281
27698,0.03388034241322531,-0.048467983372523726,0.0016775081381390014,15_38252326,T,15_38252326,15,38252326,38357249,15_38252326,-0.026447255,-0.0058308966,-0.0007585461,0.0023567653,0.07974731156318281
31560,0.04185231847453984,-0.013369177175153072,0.0016841614769343015,17_30477362,B,17_30477362,17,30477362,30527592,17_30477362,-0.030018605,0.0005538714,0.01758373,0.020747943,0.07974731156318281
7644,0.02589960700017801,-0.01948967019154625,0.0016864332090804248,3_49412206,B,3_49412206,3,49412206,49416475,3_49412206,-0.018147662,0.002727997,0.0070955036,0.009206911,0.07974731156318281
8723,-0.030445754953738337,0.013505702008288985,0.001688192488230778,3_150408335,T,3_150408335,3,150408335,150466431,3_150408335,0.032403115,-0.004297798,-0.009958821,-0.0036086966,0.07974731156318281
8974,-0.04117101115692842,0.027261931043066776,0.001709000804618207,3_179347692,M,3_179347692,3,179347692,179394931,3_179347692,0.041299295,-0.0034622652,-0.0001328851,0.003829811,0.08028859235686793
8722,-0.03288516390056956,0.013505702008288985,0.0017129295318012011,3_150408335,M,3_150408335,3,150408335,150466431,3_150408335,0.032403115,-0.004297798,-0.009958821,-0.0036086966,0.08028859235686793
25400,0.0347624822388912,-0.0725912620035196,0.0017380638389380334,12_123584531,T,12_123584531,12,123584531,123598577,12_123584531,-0.010384344,0.014821538,0.0077671264,0.031239256,0.08115214673466269
13940,0.03557065582524545,-0.03947788877636357,0.0017533139894588632,6_106045423,T,6_106045423,6,106045423,106325820,6_106045423,-0.023546735,0.0037106609,0.0076493328,0.013730597,0.08154933105586935
14794,-0.07182471038589713,0.13430750878664882,0.0018037785050156845,7_7156934,M,7_7156934,7,7156934,7248651,7_7156934,0.0847723,0.0075407983,0.0025598386,-0.005985408,0.08342642080220872
38688,0.03267130237338581,-0.032587891914913,0.0018080880865585843,22_37675608,B,22_37675608,22,37675608,37679806,22_37675608,-0.02480847,-0.0008845861,0.0074180863,-0.00047798932,0.08342642080220872
25532,0.03572914796092,-0.017384910911629234,0.0018143677061920856,13_19823482,T,13_19823482,13,19823482,19863636,13_19823482,-0.025957279,0.0035036914,-0.004124707,0.010411607,0.08342642080220872
14842,-0.07555212977229298,0.11992853661799782,0.0018263979277650913,7_16753535,M,7_16753535,7,16753535,16784536,7_16753535,0.07943055,0.00051700167,0.007581439,-0.0011663515,0.08366147780478504
9404,0.03472657981205918,-0.018532811639087356,0.0018381449105349806,4_2930561,T,4_2930561,4,2930561,2934859,4_2930561,-0.009669897,0.019890781,0.009624758,0.03502901,0.08388183548339442
33474,0.04522477133780585,-0.018453055819007996,0.001849955741970438,18_47152998,B,18_47152998,18,47152998,47176374,18_47152998,-0.019831693,0.031530302,0.026051804,0.038690895,0.08410343905131018
9091,-0.03822331065896183,0.04130353349066866,0.001873291400822408,3_185582496,M,3_185582496,3,185582496,185633551,3_185582496,0.040684193,0.0008960189,0.010732746,0.008575991,0.08484536670466435
3226,-0.02603199093029129,0.021895569467754967,0.0019070753765248216,1_171485551,M,1_171485551,1,171485551,171593511,1_171485551,0.0072540995,-0.010099088,-0.004875454,-0.011415063,0.08605321838923383
3169,-0.027950569530982863,0.02371587011905442,0.0019223404411036365,1_168225938,M,1_168225938,1,168225938,168253025,1_168225938,0.011438851,-0.009723243,-0.0058099767,-0.012979438,0.08641956488574824
6906,0.019425021520441114,-0.026313489937447546,0.0019430534202600615,2_241492674,B,2_241492674,2,241492674,241509730,2_241492674,-0.012843638,0.006572368,0.010598101,0.015581769,0.08672449691959716
38694,0.029775287330828105,-0.031124001017356972,0.001946996300262905,22_37697004,B,22_37697004,22,37697004,37776556,22_37697004,-0.02188796,-0.00068993785,0.0032220653,0.002307456,0.08672449691959716
2296,0.014768143035145849,-0.01521330445148368,0.0019506378204027478,1_119659798,M,1_119659798,1,119659798,119744215,1_119659798,-0.014890279,-0.0013203165,-0.00034502934,-0.0003209313,0.08672449691959716
2606,-0.12023589202062981,0.002306999159607602,0.0019687669242003636,1_153357854,T,1_153357854,1,153357854,153361027,1_153357854,0.033641387,-0.07526239,-0.10963904,-0.13931213,0.08720988430166665
31533,0.03320637355396717,-0.0017146757122644633,0.0019861925755111465,17_29255836,B,17_29255836,17,29255836,29294118,17_29255836,-0.023719432,0.0015603045,0.020050632,0.020981506,0.08766068180896458
38607,0.023412794709696202,-0.03400315941317206,0.0019941567029411853,22_35738736,B,22_35738736,22,35738736,36028425,22_35738736,-0.022789927,-0.009724139,-0.0019881034,-0.0018764676,0.08769213457697365
2864,-0.03272200716222923,0.054195740143049065,0.0020077818111531188,1_156699606,T,1_156699606,1,156699606,156705816,1_156699606,0.03122006,0.005124471,0.0075835492,-0.00090948935,0.0877194364422129
9094,-0.03311689919248105,0.0415866156436485,0.002010098544218207,3_185643739,M,3_185643739,3,185643739,185825056,3_185643739,0.034386545,0.0011634139,0.0069006705,-0.00012156967,0.0877194364422129
27667,0.036159875427901764,-0.05775131154151881,0.0020330148272094412,15_34140674,M,15_34140674,15,34140674,34210096,15_34140674,-0.03591073,-0.0027484132,0.021612177,0.010486306,0.0877194364422129
1991,0.033729468600601026,0.016975159597326536,0.002038847435207474,1_100266207,T,1_100266207,1,100266207,100292769,1_100266207,-0.016368166,0.02158554,0.010533525,0.022238363,0.0877194364422129
7478,0.024651841475746394,-0.018567119406872477,0.002042042527684813,3_45689056,T,3_45689056,3,45689056,45745424,3_45689056,-0.010382024,0.009852208,0.0072570783,0.015438373,0.0877194364422129
2870,-0.03727067642328313,0.08257040547517583,0.002044087480671376,1_156737303,T,1_156737303,1,156737303,156741590,1_156737303,0.026303208,0.0145870615,0.0057809073,-0.013868335,0.0877194364422129
10994,-0.0428540661234993,0.08741812050649471,0.0020477206441912275,5_16661914,T,5_16661914,5,16661914,16936276,5_16661914,0.044244703,0.012371996,0.0121639855,0.0019425685,0.0877194364422129
20381,0.018833969235685977,-0.018073029794978983,0.0020528074516783473,10_89414586,T,10_89414586,10,89414586,89421001,10_89414586,-0.015103207,-0.0010319868,-0.00083939,-0.0016083241,0.0877194364422129
21477,-0.02598048740434053,0.01344330078138072,0.0020823490974151773,11_18278668,B,11_18278668,11,18278668,18322198,11_18278668,0.016044283,-0.0043657883,-0.0054165996,-0.0023952585,0.08847454088140762
38676,0.0290180920696763,-0.025344087231183934,0.0020851107377161306,22_37560447,B,22_37560447,22,37560447,37569405,22_37560447,-0.020058904,-0.005269879,0.0049582063,-0.0011021754,0.08847454088140762
25544,0.035554310516564824,-0.03196570546253132,0.0021080467001294086,13_20403667,T,13_20403667,13,20403667,20525857,13_20403667,-0.023605043,-0.00033643766,-0.008878396,0.008963298,0.08913499561071657
20912,0.024074440141297983,-0.002240333023359249,0.002125953284154291,10_122374696,T,10_122374696,10,122374696,122442602,10_122374696,-0.0184268,0.008972962,0.010174601,0.012108701,0.08943860779985037
20455,0.020295172725191206,-0.02376241117216045,0.0021300189404082448,10_94501434,M,10_94501434,10,94501434,94613905,10_94501434,-0.024675094,-0.0056624743,0.00030788637,-0.0013042713,0.08943860779985037
23483,-0.022433612173344254,0.02719795172954212,0.0021481972137931313,12_6444867,T,12_6444867,12,6444867,6451718,12_6444867,0.00012734765,-0.003493157,-0.008236221,-0.012257431,0.08988978860346138
3253,-0.025654334549213557,0.021750724830047332,0.0021615439027981424,1_173477266,M,1_173477266,1,173477266,173488807,1_173477266,0.006529426,-0.010099088,-0.004875454,-0.011415063,0.08992487227339671
20567,0.018268606570396632,-0.02766954184429419,0.0021639078666632304,10_99396870,T,10_99396870,10,99396870,99430624,10_99396870,-0.019068189,-0.0016045151,-0.0019707845,-0.001434941,0.08992487227339671
35075,-0.04077644972392369,-0.04611946696989276,0.002202037853457143,19_34677639,T,19_34677639,19,34677639,34686397,19_34677639,0.021625802,-0.021193435,-0.00012943699,-0.028159741,0.0902629831910333
2640,-0.1337505378707986,0.03052693312629759,0.002202608470218055,1_153633982,B,1_153633982,1,153633982,153646306,1_153633982,0.0463127,-0.07864713,-0.10538108,-0.148521,0.0902629831910333
24279,-0.04500838448935272,-0.02700815431532106,0.0022069029272674514,12_53251251,B,12_53251251,12,53251251,53254405,12_53251251,0.0417282,-0.009301537,-0.009718569,0.0008614536,0.0902629831910333
2573,-0.11056487643741081,0.10827791514850085,0.002213291607606893,1_151873584,T,1_151873584,1,151873584,151909808,1_151873584,0.024871323,-0.04563729,-0.094612345,-0.12410655,0.0902629831910333
6870,0.01898240524580031,-0.02313589102016543,0.0022198908551825,2_240565804,B,2_240565804,2,240565804,240581372,2_240565804,-0.0059355963,0.0064959032,0.012961824,0.017462114,0.0902629831910333
2381,0.020399750482583086,-0.012194517851770137,0.002220982241673964,1_147242641,T,1_147242641,1,147242641,147295766,1_147242641,-0.018950963,-0.0072685503,-0.0018698933,0.0039456147,0.0902629831910333
17039,-0.02409230372149342,0.05424822361381255,0.0022401633411319,8_43034194,T,8_43034194,8,43034194,43085788,8_43034194,0.025778836,0.009732151,0.0060322275,-0.0017017645,0.0902629831910333
6888,0.0182307045453734,-0.02272453808791538,0.002255955418748802,2_241072169,B,2_241072169,2,241072169,241102332,2_241072169,-0.007407713,0.0072593587,0.010596865,0.018806513,0.0902629831910333
16549,0.026811804816023,0.011129840189497944,0.002264344833765674,7_156949723,M,7_156949723,7,156949723,156973182,7_156949723,-0.015552088,0.014365438,0.010713308,0.012030785,0.0902629831910333
2873,-0.03703940524797185,0.08253360925275607,0.0022669579660435373,1_156742107,T,1_156742107,1,156742107,156766925,1_156742107,0.026516791,0.014370821,0.005309195,-0.011474959,0.0902629831910333
3161,-0.0298406691358438,0.010188706275842207,0.00227250669151753,1_167935783,T,1_167935783,1,167935783,168075843,1_167935783,0.011514056,-0.0030391423,-0.021002099,-0.01766084,0.0902629831910333
2678,-0.10516152094946521,0.06693010979904192,0.00227769246999213,1_153981617,T,1_153981617,1,153981617,153986358,1_153981617,0.04319794,-0.04158023,-0.079811625,-0.087961964,0.0902629831910333
21552,-0.02555096424133643,0.0134948185325264,0.0022812454162859626,11_27494576,B,11_27494576,11,27494576,27506773,11_27494576,0.015525675,-0.00266072,-0.007555602,-0.0009039096,0.0902629831910333
8917,-0.03913583140538719,0.025440786211159847,0.002292648850022078,3_170864875,M,3_170864875,3,170864875,170870483,3_170864875,0.03802048,-0.00394472,-0.0048860935,0.004345794,0.0902629831910333
2736,-0.052685759724232915,0.055968879884758016,0.002310199116667631,1_155063731,B,1_155063731,1,155063731,155069553,1_155063731,0.042766124,0.0077453973,0.0015082768,0.0,0.0902629831910333
10002,0.05067419392985181,-0.012458184817549295,0.0023224641134091534,4_75642782,B,4_75642782,4,75642782,75724525,4_75642782,-0.04710667,-0.018949464,0.004407268,-0.008844006,0.0902629831910333
31601,0.040048785914600746,-0.009648810637883705,0.002331971349349468,17_31937018,T,17_31937018,17,31937018,32001045,17_31937018,-0.030076105,0.00018876161,0.013458456,0.02609577,0.0902629831910333
9095,-0.027742928810289717,0.0415866156436485,0.0023379526073509047,3_185643739,T,3_185643739,3,185643739,185825056,3_185643739,0.034386545,0.0011634139,0.0069006705,-0.00012156967,0.0902629831910333
8726,-0.03426586819811245,0.009003105369421636,0.0023438808755962223,3_150541994,T,3_150541994,3,150541994,150603228,3_150541994,0.030890342,-0.004214163,-0.007912541,-0.0073403013,0.0902629831910333
14861,-0.0645621639971579,0.10550973857732901,0.002347572309450398,7_20134655,T,7_20134655,7,20134655,20217404,7_20134655,0.06650321,0.0112680355,-0.0013478523,0.00063961843,0.0902629831910333
31598,0.03500061867696494,-0.012000435573000859,0.002348782209772178,17_31860899,T,17_31860899,17,31860899,31901765,17_31860899,-0.031057522,-0.0010892247,0.011119838,0.014490978,0.0902629831910333
7400,0.025234058842083816,-0.03032524590490878,0.002353484476599706,3_42547969,T,3_42547969,3,42547969,42601080,3_42547969,-0.018804925,-0.00023540908,0.0024573763,0.011228927,0.0902629831910333
2619,-0.13646369921238738,0.02231514172707577,0.0023541486391989467,1_153543613,B,1_153543613,1,153543613,153550136,1_153543613,0.049458537,-0.07526239,-0.111357406,-0.14485359,0.0902629831910333
6633,0.0157221713514151,-0.028409109973520082,0.0023631370156448955,2_222570536,B,2_222570536,2,222570536,222656337,2_222570536,-0.0074756774,0.0030740316,0.0063293716,0.005832243,0.0902629831910333
6913,0.014514882310048034,-0.022169442360558726,0.002365041552895318,2_241584405,M,2_241584405,2,241584405,241637449,2_241584405,-0.007679257,0.005682635,0.0038084905,0.009377053,0.0902629831910333
8733,-0.03482189516390654,0.010022615993217365,0.0023661097884360833,3_150741127,B,3_150741127,3,150741127,150763477,3_150741127,0.035698056,-0.0060026622,-0.009632836,-0.008503793,0.0902629831910333
20390,0.02323511137832099,0.003606353352540637,0.0023875752450318024,10_90871716,T,10_90871716,10,90871716,90908553,10_90871716,-0.02696159,-0.0036521277,-0.00921004,-0.0041823112,0.09079543219550185
3271,-0.024206222131706562,0.020780600559473034,0.0024122255475496463,1_174159410,M,1_174159410,1,174159410,174995308,1_174159410,0.007860296,-0.0097953575,-0.004875454,-0.010087498,0.09143094568019859
2328,0.018136138863541984,-0.015516341791429964,0.002419408138399367,1_145607990,B,1_145607990,1,145607990,145670648,1_145607990,-0.012783524,-0.00036107612,0.0012962436,0.0011803766,0.09143094568019859
14847,-0.07972756804456377,0.1118340194763304,0.0024281998346136263,7_16859405,B,7_16859405,7,16859405,16881987,7_16859405,0.068016134,0.009552959,0.010442569,-0.0013996679,0.09147732274137876
27735,0.0350936389493492,-0.07033086942894622,0.0024508029616858587,15_40405795,B,15_40405795,15,40405795,40435947,15_40405795,-0.028785711,-0.01080607,-0.0002643663,0.0047467467,0.0920421124710158
25556,0.012823651442879606,-0.007334803675942504,0.002468601057683508,13_20973032,T,13_20973032,13,20973032,21061547,13_20973032,-0.0063328953,-0.0009674232,-0.0014042242,0.0048905057,0.09215916570987881
24194,-0.0377214973859167,0.03295780893837766,0.0024976374864275823,12_51244558,T,12_51244558,12,51244558,51270890,12_51244558,0.051236674,0.009695863,0.010567536,0.0072121685,0.09215916570987881
9350,0.04420183107252676,-0.01697203275061212,0.0025061781289604287,4_1289851,T,4_1289851,4,1289851,1340147,4_1289851,-0.0018584891,0.022551142,0.022991324,0.045755934,0.09215916570987881
38070,0.017109918418836367,-0.01751826511435465,0.0025122990451368426,21_45293285,B,21_45293285,21,45293285,45297354,21_45293285,-0.011901159,0.0004880679,0.0024544846,0.0,0.09215916570987881
20578,0.01896711601055402,-0.035961340696590016,0.002513815078056686,10_99708748,M,10_99708748,10,99708748,99732666,10_99708748,-0.01888202,-0.0049359426,-0.0007402665,-0.00017846185,0.09215916570987881
31921,-0.04025499120180713,0.04532937720665593,0.002524758172980542,17_41825181,M,17_41825181,17,41825181,41836263,17_41825181,0.066786736,0.018291822,0.022500684,0.013401387,0.09215916570987881
20454,0.02510936399396426,-0.02376241117216045,0.002530393984737957,10_94501434,B,10_94501434,10,94501434,94613905,10_94501434,-0.024675094,-0.0056624743,0.00030788637,-0.0013042713,0.09215916570987881
28669,0.02140115863225895,-0.011491554385450372,0.002531577346680744,15_89087459,M,15_89087459,15,89087459,89202360,15_89087459,-0.023146173,-0.0010443792,0.0014190706,0.00030757216,0.09215916570987881
5243,0.04083129103991215,-0.013592408050644988,0.0025328083977131793,2_88691644,T,2_88691644,2,88691644,88750935,2_88691644,-0.0049501606,0.016498592,0.026618257,0.043336533,0.09215916570987881
27599,0.04431546107066035,-0.05771241699022678,0.002536371299214009,15_24823637,T,15_24823637,15,24823637,24978723,15_24823637,-0.026397659,-0.0016117488,0.027852552,0.011029127,0.09215916570987881
20774,0.029239887618879908,0.0017926959299641495,0.0025377492914404735,10_110919543,T,10_110919543,10,110919543,111013667,10_110919543,-0.02221465,0.0056035495,0.0085254675,0.013754317,0.09215916570987881
9975,0.04243486424327313,-0.04939458001182501,0.0025634393155820373,4_74114174,B,4_74114174,4,74114174,74303099,4_74114174,-0.027951661,-0.010280372,0.009616072,-0.002746736,0.09280038725192029
8845,-0.03756337898557717,0.02056367719907981,0.00258738135818373,3_160494995,M,3_160494995,3,160494995,160565588,3_160494995,0.035780326,-0.0051777656,-0.009066899,0.0012229088,0.09280038725192029
2612,-0.11698643128832839,-0.014687621383575288,0.002600146082567391,1_153390032,T,1_153390032,1,153390032,153391188,1_153390032,0.022924485,-0.064513005,-0.10767286,-0.13916449,0.09280038725192029
3158,-0.03148728372941992,-0.03068490953987043,0.0026028180877865695,1_167916729,T,1_167916729,1,167916729,167937040,1_167916729,0.010639715,-0.015870383,-0.022672534,-0.022059252,0.09280038725192029
8755,-0.03467162276316953,0.009109232572822944,0.002603258875131208,3_152243828,M,3_152243828,3,152243828,152465780,3_152243828,0.035063393,-0.004214163,-0.007901712,-0.005054476,0.09280038725192029
17084,-0.02409039359433931,0.053213947585681945,0.0026041879475424395,8_54135210,T,8_54135210,8,54135210,54147901,8_54135210,0.027782261,0.007337463,0.0026821096,-0.006017636,0.09280038725192029
17094,-0.020618819492873273,0.020200128629246937,0.00261066099419434,8_55696424,B,8_55696424,8,55696424,55773407,8_55696424,0.017327575,0.0063954797,-0.0032171514,-0.0016695815,0.09280038725192029
38604,0.02628473334284684,-0.02487204666739034,0.002621714696673751,22_35648395,B,22_35648395,22,35648395,35668409,22_35648395,-0.022882238,-0.0002015732,0.002001345,-0.0018425231,0.09280038725192029
839,0.04593144545823378,-0.11762919906794263,0.0026244713834579292,1_28736621,T,1_28736621,1,28736621,28769775,1_28736621,-0.06477791,-0.017079264,-0.017461937,-0.009153557,0.09280038725192029
14903,-0.05962668336269178,0.06494055639165702,0.0026376806210732903,7_23298739,T,7_23298739,7,23298739,23311729,7_23298739,0.048507422,-0.012275992,-0.0031363983,-0.015562685,0.09299554446250524
4106,-0.02380128457289608,0.006403740755377895,0.002671568281007846,1_241628853,T,1_241628853,1,241628853,241640254,1_241628853,0.022148,0.0119581465,0.00071259326,-0.00010394096,0.09365327971694089
9157,-0.03346270462797452,0.05821546752513056,0.0026797513606867922,3_190514051,M,3_190514051,3,190514051,190659750,3_190514051,0.03656577,0.0070961732,0.0112204,0.008623027,0.09365327971694089
844,0.054166791632150504,-0.1205335924390181,0.0026898878099284604,1_29147743,M,1_29147743,1,29147743,29181987,1_29147743,-0.060737103,-0.011726702,-0.01747856,-0.005261108,0.09365327971694089
24240,-0.022024904132124067,0.019056865449437903,0.0026979691223119997,12_52514575,B,12_52514575,12,52514575,52520687,12_52514575,0.028171862,-0.0005388853,-8.563561e-06,0.00091018755,0.09365327971694089
20407,0.018707177189699428,-0.02586991652144032,0.002713768097360442,10_91923769,M,10_91923769,10,91923769,92030325,10_91923769,-0.021218076,-0.00047616038,-0.0046460917,-0.0012498115,0.09365327971694089
8911,-0.03855055640716184,0.022936708012292653,0.002721463809111799,3_170357678,M,3_170357678,3,170357678,170396835,3_170357678,0.037946824,-0.00394472,-0.0047132964,0.0033729055,0.09365327971694089
2579,-0.11610878301209919,-0.004322685026711029,0.0027276405880875486,1_152032506,T,1_152032506,1,152032506,152047907,1_152032506,0.034165043,-0.07526239,-0.111357406,-0.14466102,0.09365327971694089
9398,0.03555921208780027,-0.01796784614134384,0.0027312913256799204,4_2793023,T,4_2793023,4,2793023,2841098,4_2793023,-0.0042846315,0.019170059,0.011998109,0.034779504,0.09365327971694089
2856,-0.04230622700398848,0.09490024304415165,0.002742002468037398,1_156594487,B,1_156594487,1,156594487,156601496,1_156594487,0.044553567,0.015454488,0.012566107,-0.011437744,0.09365327971694089
14901,-0.06339638854731379,0.06494055639165702,0.0027463083232221867,7_23298739,B,7_23298739,7,23298739,23311729,7_23298739,0.048507422,-0.012275992,-0.0031363983,-0.015562685,0.09365327971694089
24285,-0.049119557858956484,-0.03892472834189298,0.0027529716594817226,12_53380176,B,12_53380176,12,53380176,53416446,12_53380176,0.042540208,-0.007404797,-0.01021921,0.00045248633,0.09365327971694089
2420,0.016453256321933937,-0.00637139671612722,0.002754800915035131,1_149887890,T,1_149887890,1,149887890,149900798,1_149887890,-0.015923273,-0.0104282545,-0.00039291562,-0.0009927308,0.09365327971694089
2576,-0.1159589979282944,-0.004391970902413257,0.002763048738967686,1_151982915,T,1_151982915,1,151982915,151994390,1_151982915,0.033776574,-0.07526239,-0.111357406,-0.14466102,0.09365327971694089
20855,0.028707407064746334,0.000744551003026935,0.0027675239702472905,10_118674167,T,10_118674167,10,118674167,118755249,10_118674167,-0.023304874,0.004731275,0.010318595,0.01231815,0.09365327971694089
15393,-0.03703675922001852,0.046652725706712236,0.002772502616279239,7_75027122,B,7_75027122,7,75027122,75074228,7_75027122,0.030227398,0.0054655923,0.0030437186,-0.0019592051,0.09365327971694089
15350,-0.02924186305792104,0.04439871275198616,0.002788444695668012,7_73568932,T,7_73568932,7,73568932,73578791,7_73568932,0.029466096,0.0027853316,0.004058796,0.0010611626,0.09392941979028765
33429,0.03853352615868511,-0.009191264500217945,0.002797096796871281,18_36777647,B,18_36777647,18,36777647,36829216,18_36777647,-0.012659433,0.0344694,0.028252563,0.034737814,0.09395914323490112
20879,0.02140705180562706,-0.010023925038472098,0.0028157895798778788,10_119651370,T,10_119651370,10,119651370,119677819,10_119651370,-0.02104356,0.0008536662,0.0028248925,0.0070591858,0.09417645433477373
20395,0.02476937438774224,0.000480223265845371,0.0028191413602239386,10_91163012,M,10_91163012,10,91163012,91284331,10_91163012,-0.026445156,-0.0008155622,-0.012822222,-0.005710412,0.09417645433477373
17027,-0.0228288380597415,0.04943222976989889,0.0028407770360063854,8_42541155,T,8_42541155,8,42541155,42555193,8_42541155,0.02204427,0.009412565,0.0021378729,-0.0024422207,0.09427269323660663
33399,0.038675444645853964,-0.009015847983819549,0.0028425038017256443,18_35332212,B,18_35332212,18,35332212,35345482,18_35332212,-0.0059418404,0.03653527,0.028339973,0.041088007,0.09427269323660663
14809,-0.06834330463922764,0.1232137758002942,0.0028454091649186652,7_8113184,M,7_8113184,7,8113184,8262687,7_8113184,0.07865461,0.009199019,0.011852338,0.0025160634,0.09427269323660663
33401,0.03733382725947468,-0.009015847983819549,0.002863651226430315,18_35332212,T,18_35332212,18,35332212,35345482,18_35332212,-0.0059418404,0.03653527,0.028339973,0.041088007,0.0945409209819869
33431,0.037170799897646434,-0.009191264500217945,0.0028708290310148605,18_36777647,T,18_36777647,18,36777647,36829216,18_36777647,-0.012659433,0.0344694,0.028252563,0.034737814,0.0945409209819869
20903,0.023961969441711296,-0.0017772358469155692,0.00287731322615378,10_121957088,T,10_121957088,10,121957088,121975217,10_121957088,-0.018959193,0.0085705565,0.010343922,0.0113840625,0.0945409209819869
10008,0.04900538633124865,-0.0217318094572911,0.0028899946229072686,4_75940950,B,4_75940950,4,75940950,75990962,4_75940950,-0.047228765,-0.01437032,0.003021888,-0.00946567,0.0945409209819869
13875,0.03517995595841086,-0.03655866532065721,0.0029003284604714502,6_89829894,B,6_89829894,6,89829894,89874436,6_89829894,-0.025730358,0.0051974123,0.007753254,0.005707878,0.0945409209819869
38609,0.021893838940440447,-0.03400315941317206,0.002909605162581189,22_35738736,T,22_35738736,22,35738736,36028425,22_35738736,-0.022789927,-0.009724139,-0.0019881034,-0.0018764676,0.0945409209819869
25394,0.03193700343638006,-0.05971017974778066,0.002913326724296855,12_123457641,T,12_123457641,12,123457641,123473154,12_123457641,-0.007817496,0.010681736,0.007940225,0.028628733,0.0945409209819869
25535,0.03221502878334605,-0.021736092779763527,0.002916047591687845,13_19958670,T,13_19958670,13,19958670,20091829,13_19958670,-0.022575129,-0.0010466172,-0.007409315,0.00826018,0.0945409209819869
25526,0.044076219973867264,-0.03693171425579285,0.0029433958022749927,13_19633681,T,13_19633681,13,19633681,19673459,13_19633681,-0.033910498,-0.0010673341,-0.010093131,0.008000788,0.09485388979192975
8899,-0.03829695999928044,0.023016400127541393,0.0029472713563926225,3_169966635,M,3_169966635,3,169966635,169998373,3_169966635,0.037329078,-0.0045878827,-0.0065513975,0.0033051772,0.09485388979192975
15354,-0.0378627035864926,0.05906078072241884,0.0029561487022432683,7_73680969,B,7_73680969,7,73680969,73683453,7_73680969,0.03149065,0.003552929,0.0027025435,0.0037400727,0.09485388979192975
27783,0.015265880803636092,-0.02021182642531849,0.0029570757009474502,15_41332694,B,15_41332694,15,41332694,41381050,15_41332694,-0.013506444,-0.0051011434,0.000524476,0.00107463,0.09485388979192975
9347,0.0428165481932723,-0.01747693324459517,0.003014956843373855,4_1211448,T,4_1211448,4,1211448,1249953,4_1211448,-0.001351312,0.023297017,0.023204384,0.0483554,0.09624090050410695
8875,-0.03767284629492927,0.02386701358267749,0.0030170738912509193,3_167683298,M,3_167683298,3,167683298,167734939,3_167683298,0.036205493,-0.004603088,-0.003520329,0.0009681848,0.09624090050410695
8729,-0.03069475373239266,0.014711260410399846,0.003028970353206576,3_150546678,T,3_150546678,3,150546678,150584242,3_150546678,0.030538214,-0.0034426514,-0.0055315043,-0.0052486584,0.09624090050410695
8881,-0.03776917844115665,0.024497035141468698,0.003034602821854666,3_168008677,M,3_168008677,3,168008677,168095975,3_168008677,0.036055975,-0.003047293,-0.006334933,-0.0035408954,0.09624090050410695
2643,-0.12241703611760055,-0.006309848852571576,0.0030454098959937967,1_153658654,B,1_153658654,1,153658654,153661830,1_153658654,0.041323867,-0.07611738,-0.10453854,-0.13766539,0.09624090050410695
5289,0.03671742596614437,-0.02224345497245216,0.00305551063266208,2_95836919,B,2_95836919,2,95836919,95991831,2_95836919,-0.009032684,0.0145711545,0.028155712,0.039287042,0.09624090050410695
31613,0.03901189766951424,-0.008980783191727817,0.00305602462528546,17_32350109,T,17_32350109,17,32350109,32381886,17_32350109,-0.02932258,-0.0027611372,0.011094827,0.028357418,0.09624090050410695
23610,0.030226595549535017,-0.03201380903383449,0.0030940743251574383,12_8082211,B,12_8082211,12,8082211,8097771,12_8082211,-0.025420688,-0.014703769,-0.004846658,-0.024105085,0.09718608003669844
3274,-0.024269869713531164,0.01979710181559305,0.003109685732653965,1_174999163,M,1_174999163,1,174999163,175011715,1_174999163,0.004859536,-0.01009367,-0.004875454,-0.011415063,0.09722823630629511
33420,0.035905591866972654,0.0023504856502014598,0.0031241923608227268,18_36129444,B,18_36129444,18,36129444,36180556,18_36129444,-0.013087785,0.037987955,0.02634636,0.035889212,0.09722823630629511
7451,0.023763756521828633,-0.024645300640658015,0.003134397898243876,3_44861869,T,3_44861869,3,44861869,44865670,3_44861869,-0.014450756,0.0037883478,0.004985715,0.008330473,0.09722823630629511
36856,-0.026389647006109976,0.03140332032113824,0.0031354759230139352,20_17968913,M,20_17968913,20,17968913,17991122,20_17968913,0.016710024,-0.004525927,-0.012813019,-0.009194323,0.09722823630629511
6896,0.018619232667113725,-0.025401493794275205,0.003142750332437786,2_241149576,T,2_241149576,2,241149576,241183652,2_241149576,-0.014306437,0.005630126,0.012137347,0.016824046,0.09722823630629511
2616,-0.13307420324765717,0.017660612128019705,0.003143656693604679,1_153534599,B,1_153534599,1,153534599,153536244,1_153534599,0.046997093,-0.07526239,-0.111357406,-0.14485359,0.09722823630629511
2769,-0.04991739172446126,0.04915952863445866,0.003154844681963213,1_155247205,B,1_155247205,1,155247205,155255483,1_155247205,0.046092767,0.015613786,0.004676475,0.0034460388,0.09732534882393146
9428,0.028710012419312165,-0.0021814494675339744,0.003167324853146809,4_4267701,T,4_4267701,4,4267701,4290169,4_4267701,-0.013629849,0.016677486,0.004288228,0.030009203,0.09735252804608423
2768,-0.04529647275100355,0.07177281587153628,0.0031718263499675176,1_155234452,T,1_155234452,1,155234452,155244699,1_155234452,0.0361028,0.0126475915,0.008713819,0.0003754493,0.09735252804608423
20565,0.020269492375249037,-0.02766954184429419,0.003184354353959144,10_99396870,B,10_99396870,10,99396870,99430624,10_99396870,-0.019068189,-0.0016045151,-0.0019707845,-0.001434941,0.09748961317070362
8833,-0.03693529347749551,0.01918991264587354,0.003198153052301806,3_158732198,M,3_158732198,3,158732198,158829719,3_158732198,0.033833873,-0.004603088,-0.00870116,-0.00082020427,0.09766481025627712
33478,0.035084128444353144,-0.012331851782056931,0.0032348351561142523,18_47808957,M,18_47808957,18,47808957,47931146,18_47808957,-0.016366173,0.031137895,0.020877197,0.035683144,0.09845242509109091
27701,0.028928308367027082,-0.0265445910216015,0.0032453070023353483,15_38454127,T,15_38454127,15,38454127,38487710,15_38454127,-0.023673045,-0.0017184864,0.0013245408,0.006643799,0.09845242509109091
24287,-0.040434804365889435,-0.03892472834189298,0.003248368280107936,12_53380176,T,12_53380176,12,53380176,53416446,12_53380176,0.042540208,-0.007404797,-0.01021921,0.00045248633,0.09845242509109091
2258,0.023975931125699883,-0.00974497693356403,0.003257432181487181,1_116514535,T,1_116514535,1,116514535,116571039,1_116514535,-0.019948645,-0.012455049,0.0004789571,0.004057888,0.0984696005101034
9211,-0.022553446202823756,0.005156223556143534,0.0032722154427233994,3_195068279,M,3_195068279,3,195068279,195271167,3_195068279,0.025127668,0.00024134769,-7.1933144e-05,0.0022643602,0.0984696005101034
24282,-0.05428730919936325,-0.06088626932978927,0.0032733630534244242,12_53295291,B,12_53295291,12,53295291,53299450,12_53295291,0.06889729,-0.012909982,-0.0027543379,-0.010133739,0.0984696005101034
38648,0.025102833660885893,-0.028164326031999226,0.0032862523356870814,22_37019635,T,22_37019635,22,37019635,37029822,22_37019635,-0.024003403,-0.005389777,0.00014209514,0.0061198007,0.0986120334875034
28714,0.022173707936091913,-0.014355844920856073,0.003298740663129174,15_90229975,M,15_90229975,15,90229975,90234047,15_90229975,-0.021533107,0.0028958379,0.0067714485,0.004473531,0.09874175950302254
2669,-0.10459833350498915,0.10275904777041531,0.0033133346479223337,1_153959099,T,1_153959099,1,153959099,153968184,1_153959099,0.043435287,-0.062314667,-0.09531917,-0.0942919,0.09893371826499946
14807,-0.06443615055443128,0.09935182850637922,0.0033296272179598766,7_7968794,T,7_7968794,7,7968794,8094272,7_7968794,0.05920865,0.0023436372,0.005052802,-0.00093975244,0.09910322509168186
7455,0.02682506821355389,-0.004942159631625774,0.003335401687944639,3_44975241,B,3_44975241,3,44975241,45036066,3_44975241,-0.019942667,0.011182534,0.0072775967,0.015604213,0.09910322509168186
20468,0.013999952648709318,-0.016417794030406177,0.0033589103160819923,10_95605929,T,10_95605929,10,95605929,95656706,10_95605929,-0.012402917,-0.0026514905,-0.0033571958,-0.0008122984,0.0995571138538714
